0987654322,Bạn,Nguyễn Lê Nhật ,Nam,Huế,12/03/1996,quang@gmail.com
0909090912,Friends,Võ Long,Nam,Huế,23/09/1999,long@gmail.com
0988930989,Teacher,Thiện,Nam,Huế,16/08/1992,thien@gmail.com
0987684321,Bạn,Nguyễn  Nhật Quang,Nam,Huế,12/03/1996,quang@gmail.com
0909010909,Friends,Hoàng Long,Nam,Huế,23/09/1999,long@gmail.com
0987694321,Bạn,Nguyễn Quang,Nam,Huế,12/03/1996,quang@gmail.com
0909020909,Friends,Võ,Nam,Huế,23/09/1999,long@gmail.com
0986764321,Bạn,Nguyễn Lê Nhật Quang,Nam,Huế,12/03/1996,quang@gmail.com
0909780909,Friends,Hoàng,Nam,Huế,23/09/1999,long@gmail.com
0809090909,Friends,Võ Hoàng Long Gà,Nam,Huế,23/09/1999,long@gmail.com
0983339720,Hj,Le Ha,Nu,Dsf Fs Fd ,14/04/2000,fdgfg@gmail.com
0987654777,Fd,Dfgd,Gfgfdg,Dfggfdg,12/04/2000,fdgfdg@gmail.com
